-- Insert default values

INSERT USER_DataType(DataTypeID, TypeName) VALUES(0, 'nJupiter.DataAccess.Users.Sql.StringProperty')
INSERT USER_DataType(DataTypeID, TypeName) VALUES(1, 'nJupiter.DataAccess.Users.Sql.IntProperty')
INSERT USER_DataType(DataTypeID, TypeName) VALUES(2, 'nJupiter.DataAccess.Users.Sql.BoolProperty')
INSERT USER_DataType(DataTypeID, TypeName) VALUES(3, 'nJupiter.DataAccess.Users.Sql.DateTimeProperty')
INSERT USER_DataType(DataTypeID, TypeName) VALUES(4, 'nJupiter.DataAccess.Users.Sql.BinaryProperty')
INSERT USER_DataType(DataTypeID, TypeName) VALUES(5, 'nJupiter.DataAccess.Users.Sql.XmlSerializedProperty')

INSERT USER_PropertySchema(PropertyID, PropertyName, DataTypeID) VALUES(1, 'password', 0)
INSERT USER_PropertySchema(PropertyID, PropertyName, DataTypeID) VALUES(2, 'passwordSalt', 0)
INSERT USER_PropertySchema(PropertyID, PropertyName, DataTypeID) VALUES(3, 'passwordQuestion', 0)
INSERT USER_PropertySchema(PropertyID, PropertyName, DataTypeID) VALUES(4, 'passwordAnswer', 0)
INSERT USER_PropertySchema(PropertyID, PropertyName, DataTypeID) VALUES(5, 'creationDate', 3)
INSERT USER_PropertySchema(PropertyID, PropertyName, DataTypeID) VALUES(6, 'lastActivityDate', 3)
INSERT USER_PropertySchema(PropertyID, PropertyName, DataTypeID) VALUES(7, 'lastLockoutDate', 3)
INSERT USER_PropertySchema(PropertyID, PropertyName, DataTypeID) VALUES(8, 'lastLoginDate', 3)
INSERT USER_PropertySchema(PropertyID, PropertyName, DataTypeID) VALUES(9, 'lastPasswordChangedDate', 3)
INSERT USER_PropertySchema(PropertyID, PropertyName, DataTypeID) VALUES(10, 'lastUpdatedDate', 3)
INSERT USER_PropertySchema(PropertyID, PropertyName, DataTypeID) VALUES(11, 'isAnonymous', 2)
INSERT USER_PropertySchema(PropertyID, PropertyName, DataTypeID) VALUES(12, 'active', 2)
INSERT USER_PropertySchema(PropertyID, PropertyName, DataTypeID) VALUES(13, 'locked', 2)
INSERT USER_PropertySchema(PropertyID, PropertyName, DataTypeID) VALUES(14, 'email', 0)
INSERT USER_PropertySchema(PropertyID, PropertyName, DataTypeID) VALUES(15, 'firstName', 0)
INSERT USER_PropertySchema(PropertyID, PropertyName, DataTypeID) VALUES(16, 'middleName', 0)
INSERT USER_PropertySchema(PropertyID, PropertyName, DataTypeID) VALUES(17, 'lastName', 0)
INSERT USER_PropertySchema(PropertyID, PropertyName, DataTypeID) VALUES(18, 'description', 0)
INSERT USER_PropertySchema(PropertyID, PropertyName, DataTypeID) VALUES(19, 'wwwHomePage', 0)
INSERT USER_PropertySchema(PropertyID, PropertyName, DataTypeID) VALUES(20, 'address', 0)
INSERT USER_PropertySchema(PropertyID, PropertyName, DataTypeID) VALUES(21, 'address2', 0)
INSERT USER_PropertySchema(PropertyID, PropertyName, DataTypeID) VALUES(22, 'company', 0)
INSERT USER_PropertySchema(PropertyID, PropertyName, DataTypeID) VALUES(23, 'department', 0)
INSERT USER_PropertySchema(PropertyID, PropertyName, DataTypeID) VALUES(24, 'city', 0)
INSERT USER_PropertySchema(PropertyID, PropertyName, DataTypeID) VALUES(25, 'telephoneNumber', 0)
INSERT USER_PropertySchema(PropertyID, PropertyName, DataTypeID) VALUES(26, 'homePhone', 0)
INSERT USER_PropertySchema(PropertyID, PropertyName, DataTypeID) VALUES(27, 'mobile', 0)
INSERT USER_PropertySchema(PropertyID, PropertyName, DataTypeID) VALUES(28, 'postOfficeBox', 0)
INSERT USER_PropertySchema(PropertyID, PropertyName, DataTypeID) VALUES(29, 'zipCode', 0)
INSERT USER_PropertySchema(PropertyID, PropertyName, DataTypeID) VALUES(30, 'title', 0)
INSERT USER_PropertySchema(PropertyID, PropertyName, DataTypeID) VALUES(31, 'country', 0)
INSERT USER_PropertySchema(PropertyID, PropertyName, DataTypeID) VALUES(32, 'comment', 0)
INSERT USER_PropertySchema(PropertyID, PropertyName, DataTypeID) VALUES(33, 'birthDate', 3)
INSERT USER_PropertySchema(PropertyID, PropertyName, DataTypeID) VALUES(34, 'locality', 0)
INSERT USER_PropertySchema(PropertyID, PropertyName, DataTypeID) VALUES(35, 'language', 0)
INSERT USER_PropertySchema(PropertyID, PropertyName, DataTypeID) VALUES(36, 'customExplorerTreePanel', 0)
INSERT USER_PropertySchema(PropertyID, PropertyName, DataTypeID) VALUES(37, 'clientToolsActivationKey', 0)
INSERT USER_PropertySchema(PropertyID, PropertyName, DataTypeID) VALUES(38, 'frameworkName', 0)
INSERT USER_PropertySchema(PropertyID, PropertyName, DataTypeID) VALUES(39, 'subscriptionInfo', 4)
INSERT USER_PropertySchema(PropertyID, PropertyName, DataTypeID) VALUES(40, 'fileManagerFavourites', 4)
INSERT USER_PropertySchema(PropertyID, PropertyName, DataTypeID) VALUES(41, 'editTreeSettings', 5)

SET IDENTITY_INSERT USER_Context ON
INSERT USER_Context(ContextID, ContextName) VALUES(1, 'registration') 
SET IDENTITY_INSERT USER_Context OFF

INSERT USER_ContextualPropertySchema(ContextID, PropertyID) VALUES(1, 1)
INSERT USER_ContextualPropertySchema(ContextID, PropertyID) VALUES(1, 2)
INSERT USER_ContextualPropertySchema(ContextID, PropertyID) VALUES(1, 3)
INSERT USER_ContextualPropertySchema(ContextID, PropertyID) VALUES(1, 4)
INSERT USER_ContextualPropertySchema(ContextID, PropertyID) VALUES(1, 5)
INSERT USER_ContextualPropertySchema(ContextID, PropertyID) VALUES(1, 6)
INSERT USER_ContextualPropertySchema(ContextID, PropertyID) VALUES(1, 7)
INSERT USER_ContextualPropertySchema(ContextID, PropertyID) VALUES(1, 8)
INSERT USER_ContextualPropertySchema(ContextID, PropertyID) VALUES(1, 9)
INSERT USER_ContextualPropertySchema(ContextID, PropertyID) VALUES(1, 10)
INSERT USER_ContextualPropertySchema(ContextID, PropertyID) VALUES(1, 11)
INSERT USER_ContextualPropertySchema(ContextID, PropertyID) VALUES(1, 12)
INSERT USER_ContextualPropertySchema(ContextID, PropertyID) VALUES(1, 13)
INSERT USER_ContextualPropertySchema(ContextID, PropertyID) VALUES(1, 14)
INSERT USER_ContextualPropertySchema(ContextID, PropertyID) VALUES(1, 15)
INSERT USER_ContextualPropertySchema(ContextID, PropertyID) VALUES(1, 17)