INSERT dbo.FORUM_AttributeDataType(ID, TypeName) VALUES(1, 'nJupiter.Services.Forum.BoolAttribute')
INSERT dbo.FORUM_AttributeDataType(ID, TypeName) VALUES(2, 'nJupiter.Services.Forum.IntAttribute')
INSERT dbo.FORUM_AttributeDataType(ID, TypeName) VALUES(3, 'nJupiter.Services.Forum.StringAttribute')
INSERT dbo.FORUM_AttributeDataType(ID, TypeName) VALUES(4, 'nJupiter.Services.Forum.DateTimeAttribute')
INSERT dbo.FORUM_AttributeDataType(ID, TypeName) VALUES(5, 'nJupiter.Services.Forum.BinaryAttribute')

/*
INSERT dbo.FORUM_CategoryAttributeType(ID, Name, AttributeDataTypeID) VALUES(1, 'BoolAttribute', 1)
INSERT dbo.FORUM_CategoryAttributeType(ID, Name, AttributeDataTypeID) VALUES(2, 'IntAttribute', 2)
INSERT dbo.FORUM_CategoryAttributeType(ID, Name, AttributeDataTypeID) VALUES(3, 'StringAttribute', 3)
INSERT dbo.FORUM_CategoryAttributeType(ID, Name, AttributeDataTypeID) VALUES(4, 'DateTimeAttribute', 4)
INSERT dbo.FORUM_CategoryAttributeType(ID, Name, AttributeDataTypeID) VALUES(5, 'BinaryAttribute', 5)
*/

/*
INSERT dbo.FORUM_PostAttributeType(ID, Name, AttributeDataTypeID) VALUES(1, 'BoolAttribute', 1)
INSERT dbo.FORUM_PostAttributeType(ID, Name, AttributeDataTypeID) VALUES(2, 'IntAttribute', 2)
INSERT dbo.FORUM_PostAttributeType(ID, Name, AttributeDataTypeID) VALUES(3, 'StringAttribute', 3)
INSERT dbo.FORUM_PostAttributeType(ID, Name, AttributeDataTypeID) VALUES(4, 'DateTimeAttribute', 4)
INSERT dbo.FORUM_PostAttributeType(ID, Name, AttributeDataTypeID) VALUES(5, 'BinaryAttribute', 5)
*/